-- phpMyAdmin SQL Dump
-- version 4.5.1
-- http://www.phpmyadmin.net
--
-- Host: 127.0.0.1
-- Generation Time: Apr 17, 2021 at 04:11 PM
-- Server version: 10.1.19-MariaDB
-- PHP Version: 5.6.28

SET SQL_MODE = "NO_AUTO_VALUE_ON_ZERO";
SET time_zone = "+00:00";


/*!40101 SET @OLD_CHARACTER_SET_CLIENT=@@CHARACTER_SET_CLIENT */;
/*!40101 SET @OLD_CHARACTER_SET_RESULTS=@@CHARACTER_SET_RESULTS */;
/*!40101 SET @OLD_COLLATION_CONNECTION=@@COLLATION_CONNECTION */;
/*!40101 SET NAMES utf8mb4 */;

--
-- Database: `k-means`
--

-- --------------------------------------------------------

--
-- Table structure for table `detail_obat`
--

CREATE TABLE `detail_obat` (
  `id` int(11) NOT NULL,
  `id_obat` int(6) NOT NULL,
  `id_tahun` int(6) NOT NULL,
  `data_obat` int(10) NOT NULL
) ENGINE=InnoDB DEFAULT CHARSET=latin1;

--
-- Dumping data for table `detail_obat`
--

INSERT INTO `detail_obat` (`id`, `id_obat`, `id_tahun`, `data_obat`) VALUES
(1, 1, 1, 90),
(2, 1, 2, 1103),
(3, 1, 3, 907),
(4, 1, 4, 501),
(5, 2, 1, 20),
(6, 2, 2, 500),
(7, 2, 3, 168),
(8, 2, 4, 488),
(9, 3, 1, 118),
(10, 3, 2, 27),
(11, 3, 3, 42),
(12, 3, 4, 24),
(13, 4, 1, 214),
(14, 4, 2, 86),
(15, 4, 3, 169),
(16, 4, 4, 94),
(17, 5, 1, 20),
(18, 5, 2, 118),
(19, 5, 3, 192),
(20, 5, 4, 167),
(21, 6, 1, 10130),
(22, 6, 2, 7610),
(23, 6, 3, 4545),
(24, 6, 4, 5615),
(25, 7, 1, 228),
(26, 7, 2, 306),
(27, 7, 3, 125),
(28, 7, 4, 277),
(29, 8, 1, 228),
(30, 8, 2, 32),
(31, 8, 3, 37),
(32, 8, 4, 43),
(33, 9, 1, 1462),
(34, 9, 2, 2049),
(35, 9, 3, 2283),
(36, 9, 4, 1128),
(37, 10, 1, 514),
(38, 10, 2, 551),
(39, 10, 3, 482),
(40, 10, 4, 401),
(41, 11, 1, 8),
(42, 11, 2, 35),
(43, 11, 3, 15),
(44, 11, 4, 99),
(45, 12, 1, 1008),
(46, 12, 2, 814),
(47, 12, 3, 735),
(48, 12, 4, 622),
(49, 13, 1, 318),
(50, 13, 2, 243),
(51, 13, 3, 95),
(52, 13, 4, 55),
(53, 14, 1, 1256),
(54, 14, 2, 1047),
(55, 14, 3, 1651),
(56, 14, 4, 888),
(57, 15, 1, 45),
(58, 15, 2, 236),
(59, 15, 3, 32),
(60, 15, 4, 11),
(61, 16, 1, 95),
(62, 16, 2, 93),
(63, 16, 3, 30),
(64, 16, 4, 19),
(65, 17, 1, 286),
(66, 17, 2, 182),
(67, 17, 3, 466),
(68, 17, 4, 130),
(69, 18, 1, 72),
(70, 18, 2, 79),
(71, 18, 3, 90),
(72, 18, 4, 29),
(73, 19, 1, 116),
(74, 19, 2, 22),
(75, 19, 3, 50),
(76, 19, 4, 6),
(77, 20, 1, 53),
(78, 20, 2, 27),
(79, 20, 3, 21),
(80, 20, 4, 13),
(81, 21, 1, 18),
(82, 21, 2, 516),
(83, 21, 3, 23),
(84, 21, 4, 12),
(85, 22, 1, 46),
(86, 22, 2, 38),
(87, 22, 3, 47),
(88, 22, 4, 77),
(89, 23, 1, 42),
(90, 23, 2, 10),
(91, 23, 3, 6),
(92, 23, 4, 3),
(93, 24, 1, 16),
(94, 24, 2, 20),
(95, 24, 3, 96),
(96, 24, 4, 6),
(97, 25, 1, 113),
(98, 25, 2, 76),
(99, 25, 3, 25),
(100, 25, 4, 38),
(101, 26, 1, 32),
(102, 26, 2, 8),
(103, 26, 3, 16),
(104, 26, 4, 6),
(105, 27, 1, 163),
(106, 27, 2, 115),
(107, 27, 3, 138),
(108, 27, 4, 184),
(109, 28, 1, 130),
(110, 28, 2, 516),
(111, 28, 3, 12),
(112, 28, 4, 14),
(113, 29, 1, 87),
(114, 29, 2, 29),
(115, 29, 3, 8),
(116, 29, 4, 13),
(117, 30, 1, 28),
(118, 30, 2, 10),
(119, 30, 3, 12),
(120, 30, 4, 10),
(121, 31, 1, 71),
(122, 31, 2, 710),
(123, 31, 3, 983),
(124, 31, 4, 587),
(125, 32, 1, 1120),
(126, 32, 2, 680),
(127, 32, 3, 808),
(128, 32, 4, 459),
(129, 33, 1, 183),
(130, 33, 2, 1455),
(131, 33, 3, 1249),
(132, 33, 4, 1310),
(133, 34, 1, 240),
(134, 34, 2, 2975),
(135, 34, 3, 1085),
(136, 34, 4, 420),
(137, 35, 1, 40),
(138, 35, 2, 242),
(139, 35, 3, 324),
(140, 35, 4, 284),
(141, 36, 1, 352),
(142, 36, 2, 365),
(143, 36, 3, 24500),
(144, 36, 4, 275),
(145, 37, 1, 122),
(146, 37, 2, 46),
(147, 37, 3, 8),
(148, 37, 4, 1),
(149, 38, 1, 496),
(150, 38, 2, 424),
(151, 38, 3, 511),
(152, 38, 4, 267),
(153, 39, 1, 112),
(154, 39, 2, 265),
(155, 39, 3, 352),
(156, 39, 4, 168),
(157, 40, 1, 1066),
(158, 40, 2, 1212),
(159, 40, 3, 1213),
(160, 40, 4, 301),
(161, 41, 1, 28),
(162, 41, 2, 57),
(163, 41, 3, 32),
(164, 41, 4, 6),
(165, 42, 1, 37),
(166, 42, 2, 157),
(167, 42, 3, 191),
(168, 42, 4, 71),
(169, 43, 1, 790),
(170, 43, 2, 775),
(171, 43, 3, 632),
(172, 43, 4, 128),
(173, 44, 1, 348),
(174, 44, 2, 451),
(175, 44, 3, 432),
(176, 44, 4, 221),
(177, 45, 1, 794),
(178, 45, 2, 378),
(179, 45, 3, 531),
(180, 45, 4, 353),
(181, 46, 1, 1226),
(182, 46, 2, 1321),
(183, 46, 3, 1860),
(184, 46, 4, 1722),
(185, 47, 1, 72),
(186, 47, 2, 101),
(187, 47, 3, 104),
(188, 47, 4, 12),
(189, 48, 1, 38),
(190, 48, 2, 145),
(191, 48, 3, 16),
(192, 48, 4, 11),
(193, 49, 1, 27525),
(194, 49, 2, 19470),
(195, 49, 3, 15689),
(196, 49, 4, 10380),
(197, 50, 1, 69370),
(198, 50, 2, 44115),
(199, 50, 3, 37300),
(200, 50, 4, 24360),
(201, 51, 1, 3644),
(202, 51, 2, 9588),
(203, 51, 3, 5635),
(204, 51, 4, 2772),
(205, 52, 1, 920),
(206, 52, 2, 3265),
(207, 52, 3, 2012),
(208, 52, 4, 835),
(209, 53, 1, 13960),
(210, 53, 2, 740),
(211, 53, 3, 660),
(212, 53, 4, 174),
(213, 54, 1, 17080),
(214, 54, 2, 5830),
(215, 54, 3, 1600),
(216, 54, 4, 600),
(217, 55, 1, 5910),
(218, 55, 2, 9320),
(219, 55, 3, 26530),
(220, 55, 4, 1886),
(221, 56, 1, 7404),
(222, 56, 2, 6599),
(223, 56, 3, 7863),
(224, 56, 4, 5144),
(225, 57, 1, 27110),
(226, 57, 2, 22942),
(227, 57, 3, 22829),
(228, 57, 4, 13713),
(229, 58, 1, 12580),
(230, 58, 2, 4955),
(231, 58, 3, 4361),
(232, 58, 4, 3000),
(233, 59, 1, 274),
(234, 59, 2, 221),
(235, 59, 3, 31),
(236, 59, 4, 53),
(237, 60, 1, 4560),
(238, 60, 2, 4535),
(239, 60, 3, 3461),
(240, 60, 4, 2251),
(241, 61, 1, 1630),
(242, 61, 2, 3393),
(243, 61, 3, 615),
(244, 61, 4, 105),
(245, 62, 1, 399),
(246, 62, 2, 639),
(247, 62, 3, 759),
(248, 62, 4, 969),
(249, 63, 1, 421),
(250, 63, 2, 656),
(251, 63, 3, 721),
(252, 63, 4, 975),
(253, 64, 1, 288),
(254, 64, 2, 110),
(255, 64, 3, 110),
(256, 64, 4, 127),
(257, 65, 1, 32),
(258, 65, 2, 120),
(259, 65, 3, 115),
(260, 65, 4, 134),
(261, 66, 1, 300),
(262, 66, 2, 245),
(263, 66, 3, 401),
(264, 66, 4, 156),
(265, 67, 1, 22),
(266, 67, 2, 77),
(267, 67, 3, 143),
(268, 67, 4, 53),
(269, 68, 1, 322),
(270, 68, 2, 264),
(271, 68, 3, 35),
(272, 68, 4, 183),
(273, 69, 1, 48),
(274, 69, 2, 158),
(275, 69, 3, 180),
(276, 69, 4, 41),
(277, 70, 1, 66),
(278, 70, 2, 45),
(279, 70, 3, 61),
(280, 70, 4, 13),
(281, 71, 1, 3200),
(282, 71, 2, 1095),
(283, 71, 3, 4055),
(284, 71, 4, 2512),
(285, 72, 1, 992),
(286, 72, 2, 1687),
(287, 72, 3, 1746),
(288, 72, 4, 1083),
(289, 73, 1, 18275),
(290, 73, 2, 1820),
(291, 73, 3, 3380),
(292, 73, 4, 1650),
(293, 74, 1, 12490),
(294, 74, 2, 15625),
(295, 74, 3, 15208),
(296, 74, 4, 4387),
(297, 75, 1, 62830),
(298, 75, 2, 3540),
(299, 75, 3, 2510),
(300, 75, 4, 3265),
(301, 76, 1, 23358),
(302, 76, 2, 3388),
(303, 76, 3, 4495),
(304, 76, 4, 2557),
(305, 77, 1, 28000),
(306, 77, 2, 11615),
(307, 77, 3, 2500),
(308, 77, 4, 400),
(309, 78, 1, 30402),
(310, 78, 2, 18095),
(311, 78, 3, 12733),
(312, 78, 4, 12116),
(313, 79, 1, 10733),
(314, 79, 2, 51110),
(315, 79, 3, 7830),
(316, 79, 4, 7130),
(317, 80, 1, 6240),
(318, 80, 2, 10345),
(319, 80, 3, 10759),
(320, 80, 4, 7638),
(321, 81, 1, 6690),
(322, 81, 2, 4365),
(323, 81, 3, 1360),
(324, 81, 4, 1574),
(325, 82, 1, 9620),
(326, 82, 2, 9945),
(327, 82, 3, 5076),
(328, 82, 4, 8133),
(329, 83, 1, 11560),
(330, 83, 2, 7450),
(331, 83, 3, 4426),
(332, 83, 4, 1164),
(333, 84, 1, 57820),
(334, 84, 2, 28630),
(335, 84, 3, 16545),
(336, 84, 4, 7251),
(337, 85, 1, 6274),
(338, 85, 2, 2186),
(339, 85, 3, 1373),
(340, 85, 4, 2985),
(341, 86, 1, 2705),
(342, 86, 2, 8430),
(343, 86, 3, 6205),
(344, 86, 4, 1833),
(345, 87, 1, 7820),
(346, 87, 2, 6955),
(347, 87, 3, 21970),
(348, 87, 4, 31443),
(349, 88, 1, 2760),
(350, 88, 2, 3690),
(351, 88, 3, 5680),
(352, 88, 4, 11224),
(353, 89, 1, 6320),
(354, 89, 2, 3245),
(355, 89, 3, 4748),
(356, 89, 4, 5051),
(357, 90, 1, 1640),
(358, 90, 2, 2880),
(359, 90, 3, 950),
(360, 90, 4, 2726),
(361, 91, 1, 4990),
(362, 91, 2, 5598),
(363, 91, 3, 5845),
(364, 91, 4, 7035),
(365, 92, 1, 21640),
(366, 92, 2, 20265),
(367, 92, 3, 17320),
(368, 92, 4, 15762),
(369, 93, 1, 68245),
(370, 93, 2, 76280),
(371, 93, 3, 78810),
(372, 93, 4, 55495),
(373, 94, 1, 7880),
(374, 94, 2, 6940),
(375, 94, 3, 6967),
(376, 94, 4, 5425),
(377, 95, 1, 15420),
(378, 95, 2, 6045),
(379, 95, 3, 4343),
(380, 95, 4, 3621),
(381, 96, 1, 560),
(382, 96, 2, 4430),
(383, 96, 3, 1406),
(384, 96, 4, 2108),
(385, 97, 1, 11986),
(386, 97, 2, 2212),
(387, 97, 3, 2803),
(388, 97, 4, 2672),
(389, 98, 1, 23601),
(390, 98, 2, 8518),
(391, 98, 3, 6238),
(392, 98, 4, 7269),
(393, 99, 1, 38558),
(394, 99, 2, 13712),
(395, 99, 3, 6954),
(396, 99, 4, 3956),
(397, 100, 1, 61650),
(398, 100, 2, 36810),
(399, 100, 3, 19504),
(400, 100, 4, 13316),
(401, 101, 1, 9517),
(402, 101, 2, 5855),
(403, 101, 3, 4030),
(404, 101, 4, 3446),
(405, 102, 1, 22000),
(406, 102, 2, 31150),
(407, 102, 3, 24935),
(408, 102, 4, 14944),
(409, 103, 1, 1960),
(410, 103, 2, 14248),
(411, 103, 3, 13667),
(412, 103, 4, 21704),
(413, 104, 1, 60),
(414, 104, 2, 1880),
(415, 104, 3, 907),
(416, 104, 4, 1096),
(417, 105, 1, 4328),
(418, 105, 2, 8237),
(419, 105, 3, 6769),
(420, 105, 4, 4354),
(421, 106, 1, 5718),
(422, 106, 2, 6472),
(423, 106, 3, 6848),
(424, 106, 4, 3523),
(425, 107, 1, 6336),
(426, 107, 2, 11159),
(427, 107, 3, 19392),
(428, 107, 4, 8278),
(429, 108, 1, 33296),
(430, 108, 2, 75530),
(431, 108, 3, 70904),
(432, 108, 4, 54236),
(433, 109, 1, 258),
(434, 109, 2, 200),
(435, 109, 3, 26),
(436, 109, 4, 9),
(437, 110, 1, 5078),
(438, 110, 2, 9035),
(439, 110, 3, 8614),
(440, 110, 4, 7534),
(441, 111, 1, 1320),
(442, 111, 2, 1510),
(443, 111, 3, 513),
(444, 111, 4, 67),
(445, 112, 1, 550),
(446, 112, 2, 315),
(447, 112, 3, 550),
(448, 112, 4, 586),
(449, 113, 1, 17512),
(450, 113, 2, 7816),
(451, 113, 3, 10147),
(452, 113, 4, 5597),
(453, 114, 1, 1170),
(454, 114, 2, 2534),
(455, 114, 3, 6021),
(456, 114, 4, 3488),
(457, 115, 1, 2840),
(458, 115, 2, 3977),
(459, 115, 3, 2548),
(460, 115, 4, 3067),
(461, 116, 1, 6720),
(462, 116, 2, 710),
(463, 116, 3, 62),
(464, 116, 4, 238),
(465, 117, 1, 9310),
(466, 117, 2, 10030),
(467, 117, 3, 12351),
(468, 117, 4, 9582),
(469, 118, 1, 17884),
(470, 118, 2, 18625),
(471, 118, 3, 14961),
(472, 118, 4, 17830),
(473, 119, 1, 1220),
(474, 119, 2, 13890),
(475, 119, 3, 15243),
(476, 119, 4, 27207),
(477, 120, 1, 5285),
(478, 120, 2, 3922),
(479, 120, 3, 3398),
(480, 120, 4, 1547),
(481, 121, 1, 10092),
(482, 121, 2, 18791),
(483, 121, 3, 15742),
(484, 121, 4, 13219),
(485, 122, 1, 13050),
(486, 122, 2, 44583),
(487, 122, 3, 47900),
(488, 122, 4, 60536),
(489, 123, 1, 6910),
(490, 123, 2, 7653),
(491, 123, 3, 9115),
(492, 123, 4, 8150),
(493, 124, 1, 9675),
(494, 124, 2, 11600),
(495, 124, 3, 11193),
(496, 124, 4, 21042),
(497, 125, 1, 34730),
(498, 125, 2, 41851),
(499, 125, 3, 28385),
(500, 125, 4, 21042),
(501, 126, 1, 4990),
(502, 126, 2, 4100),
(503, 126, 3, 3562),
(504, 126, 4, 4251),
(505, 127, 1, 84920),
(506, 127, 2, 87901),
(507, 127, 3, 101648),
(508, 127, 4, 90866),
(509, 128, 1, 8430),
(510, 128, 2, 643),
(511, 128, 3, 712),
(512, 128, 4, 409),
(513, 129, 1, 50780),
(514, 129, 2, 61859),
(515, 129, 3, 71775),
(516, 129, 4, 62958),
(517, 130, 1, 2980),
(518, 130, 2, 6439),
(519, 130, 3, 4939),
(520, 130, 4, 4220),
(521, 131, 1, 612),
(522, 131, 2, 1803),
(523, 131, 3, 630),
(524, 131, 4, 505),
(525, 132, 1, 1668),
(526, 132, 2, 3634),
(527, 132, 3, 3368),
(528, 132, 4, 1670),
(529, 133, 1, 2610),
(530, 133, 2, 3576),
(531, 133, 3, 3055),
(532, 133, 4, 5660),
(533, 134, 1, 109280),
(534, 134, 2, 116763),
(535, 134, 3, 76065),
(536, 134, 4, 58403),
(537, 135, 1, 3660),
(538, 135, 2, 2922),
(539, 135, 3, 1293),
(540, 135, 4, 1005),
(541, 136, 1, 11782),
(542, 136, 2, 6039),
(543, 136, 3, 2880),
(544, 136, 4, 2097),
(545, 137, 1, 63648),
(546, 137, 2, 35834),
(547, 137, 3, 32898),
(548, 137, 4, 26756),
(549, 138, 1, 43560),
(550, 138, 2, 17026),
(551, 138, 3, 7414),
(552, 138, 4, 3911),
(553, 139, 1, 727),
(554, 139, 2, 5380),
(555, 139, 3, 4626),
(556, 139, 4, 3929),
(557, 140, 1, 20360),
(558, 140, 2, 8109),
(559, 140, 3, 8926),
(560, 140, 4, 3340),
(561, 141, 1, 51040),
(562, 141, 2, 26730),
(563, 141, 3, 20039),
(564, 141, 4, 35885),
(565, 142, 1, 115020),
(566, 142, 2, 123525),
(567, 142, 3, 48502),
(568, 142, 4, 93060),
(569, 143, 1, 2200),
(570, 143, 2, 7538),
(571, 143, 3, 5592),
(572, 143, 4, 13212),
(573, 144, 1, 21),
(574, 144, 2, 36),
(575, 144, 3, 26),
(576, 144, 4, 25),
(577, 145, 1, 237),
(578, 145, 2, 294),
(579, 145, 3, 333),
(580, 145, 4, 66),
(581, 146, 1, 132),
(582, 146, 2, 80),
(583, 146, 3, 137),
(584, 146, 4, 41),
(585, 147, 1, 40),
(586, 147, 2, 100),
(587, 147, 3, 65),
(588, 147, 4, 33),
(589, 148, 1, 520),
(590, 148, 2, 294),
(591, 148, 3, 321),
(592, 148, 4, 397),
(593, 149, 1, 74),
(594, 149, 2, 770),
(595, 149, 3, 589),
(596, 149, 4, 467),
(597, 150, 1, 990),
(598, 150, 2, 881),
(599, 150, 3, 1078),
(600, 150, 4, 678);

-- --------------------------------------------------------

--
-- Table structure for table `obat`
--

CREATE TABLE `obat` (
  `id_obat` int(11) NOT NULL,
  `nama_obat` text NOT NULL,
  `satuan` varchar(100) NOT NULL
) ENGINE=InnoDB DEFAULT CHARSET=utf8mb4;

--
-- Dumping data for table `obat`
--

INSERT INTO `obat` (`id_obat`, `nama_obat`, `satuan`) VALUES
(1, 'Aqua pro injeksi 25ml', 'ampul'),
(2, 'Deksametason 5 mg/ml injeksi ', 'ampul'),
(3, 'Gentamisin Injeksi 40 mg/ml', 'ampul'),
(4, 'Lidocain HCL 2% injeksi', 'ampul'),
(5, 'Pethidin 50 mg/ml', 'ampul'),
(6, 'Stalevo 100 mg', 'ampul'),
(7, 'Amoksisilin 125 mg-60 ml syr', 'botol'),
(8, 'Antasida suspensi', 'botol'),
(9, 'Cendo Lyters', 'botol'),
(10, 'Paracetamol 120 mg/5 ml Syr', 'botol'),
(11, 'PK Kristal', 'botol'),
(12, 'Sucralfate Susp 100ml', 'botol'),
(13, 'Symbicort Turb 160/4,5 mcg', 'botol'),
(14, 'Tarivid Otic Solution 5 ml', 'botol'),
(15, 'Folley Catheter No. 10 Norta', 'buah'),
(16, 'Folley Catheter No. 14 Norta', 'buah'),
(17, 'Folley Catheter No. 16 Norta', 'buah'),
(18, 'Folley Catheter No. 18 Norta', 'buah'),
(19, 'Folley Catheter No. 20 Norta', 'buah'),
(20, 'Folley Catheter No. 8 Norta', 'buah'),
(21, 'Masker Nebulizer Dewasa', 'buah'),
(22, 'NGT no.10', 'buah'),
(23, 'NGT no.12', 'buah'),
(24, 'NGT no.14', 'buah'),
(25, 'NGT no.16', 'buah'),
(26, 'NGT no.6', 'buah'),
(27, 'NGT no.8', 'buah'),
(28, 'Slang Oxygen Anak', 'buah'),
(29, 'Slang Oxygen Dewasa', 'buah'),
(30, 'Slang Oxygen Neonatus', 'buah'),
(31, 'Spuit 10 CC terumo', 'buah'),
(32, 'Spuit 20 CC terumo', 'buah'),
(33, 'Spuit 3 CC terumo', 'buah'),
(34, 'Spuit 5 CC terumo', 'buah'),
(35, 'Spuit 50 CC-Tepi-Terumo', 'buah'),
(36, 'Urin Bag', 'buah'),
(37, 'Cendo Fenicol 0,5% 5 ml', 'fls'),
(38, 'Cendo Glaopen', 'fls'),
(39, 'Cendo Homatro 2% tetes mata', 'fls'),
(40, 'Cendo LFX ED MD', 'fls'),
(41, 'Cendo Mydriatil 0,5% tetes mata', 'fls'),
(42, 'Cendo Noncort MD ED', 'fls'),
(43, 'Cendo Posop MD 0,1%', 'fls'),
(44, 'Cendo Tropin 0,5%', 'fls'),
(45, 'Isotic Adretor 0,5% TTM', 'fls'),
(46, 'NaCl 0,9% - 500 ml', 'fls'),
(47, 'Seretide Discuss 500', 'fls'),
(48, 'Symbicort 80/4,5 mg', 'fls'),
(49, 'Asam Mefenamat 500 mg', 'kapsul'),
(50, 'Fenitoin kaps', 'kapsul'),
(51, 'Flukonazol 150 mg', 'kapsul'),
(52, 'Gemfibrozil 300 mg', 'kapsul'),
(53, 'Herbesser CD 100 Kapsul', 'kapsul'),
(54, 'Herbesser CD 200 Kapsul', 'kapsul'),
(55, 'Klindamisin 150 mg', 'kapsul'),
(56, 'Omeprazol 20 mg', 'kapsul'),
(57, 'Rifampisin 450 mg', 'kapsul'),
(58, 'Rifampisin 600 mg', 'kapsul'),
(59, 'Seretide Discuss 250', 'kapsul'),
(60, 'Spironolacton 25 mg', 'kapsul'),
(61, 'Tetracyclin 250 mg', 'kapsul'),
(62, 'Levemir Flex Pen 100 IU ml @3 ml', 'pen'),
(63, 'Novorapid Flex Pen Injeksi', 'pen'),
(64, 'FM Crepe (4) 10 cm x 4,55 m', 'rol'),
(65, 'FM Crepe (6) 15 cm x 4,55 m', 'rol'),
(66, 'Gypsona 10 cm x 3,5 m (4 inch)', 'rol'),
(67, 'Gypsona 15 cm x 3,5 m (6)', 'rol'),
(68, 'Gypsona 7,5 cm x 3.5 m (3)', 'rol'),
(69, 'Poliban (4) 10 cm x 2,7 m', 'rol'),
(70, 'Poliban (6) 15 cm x 2,7 m', 'rol'),
(71, 'KCL 500 mg', 'sachet'),
(72, 'Cendo Confresh MD', 'strip'),
(73, 'Adalat Oros 30 mg', 'tablet'),
(74, 'Alopurinol 100 mg', 'tablet'),
(75, 'Alopurinol tab 300 mg', 'tablet'),
(76, 'Alprazolam 0,5 mg', 'tablet'),
(77, 'Aminofilin 200 mg', 'tablet'),
(78, 'Amitriptilin 25 mg', 'tablet'),
(79, 'Amlodipin 5 mg', 'tablet'),
(80, 'Amoksisilin 500 mg', 'tablet'),
(81, 'Antasida tablet', 'tablet'),
(82, 'Asam Traneksamat 500 mg', 'tablet'),
(83, 'Asiklovir 400 mg', 'tablet'),
(84, 'Atorvastatin 20 mg', 'tablet'),
(85, 'Azitromisin 500 mg', 'tablet'),
(86, 'Betahistin mesilat', 'tablet'),
(87, 'Deksametason 0.5 mg', 'tablet'),
(88, 'Depakote ER 250 mg', 'tablet'),
(89, 'Depakote ER 500 mg', 'tablet'),
(90, 'Doksisiklin', 'tablet'),
(91, 'Domperidon 10 mg', 'tablet'),
(92, 'Etambutol 500 mg', 'tablet'),
(93, 'Fenobarbital 30 mg', 'tablet'),
(94, 'Fitomenadion 10 mg', 'tablet'),
(95, 'Furosemid 40 mg', 'tablet'),
(96, 'Griseofulvin 125 mg', 'tablet'),
(97, 'Haloperidol 0,5 mg', 'tablet'),
(98, 'Haloperidol 1,5 mg', 'tablet'),
(99, 'Haloperidol 5 mg', 'tablet'),
(100, 'Harnal Ocas', 'tablet'),
(101, 'Hidroklorotiazid 25 mg', 'tablet'),
(102, 'isoniazid (INH) 300 mg', 'tablet'),
(103, 'Karbamazepin 200 mg', 'tablet'),
(104, 'Ketokonazol 200 mg', 'tablet'),
(105, 'Klorpromazin 100 mg', 'tablet'),
(106, 'Kodein 10 mg', 'tablet'),
(107, 'KSR 600 mg', 'tablet'),
(108, 'Lansoprazole 30 mg', 'tablet'),
(109, 'Laxadin SYR', 'tablet'),
(110, 'Levofloxacin 500 mg', 'tablet'),
(111, 'Lisinopril 10 mg', 'tablet'),
(112, 'Loperamid 2 mg', 'tablet'),
(113, 'Lorazepam 2 mg', 'tablet'),
(114, 'Mercaptopurine 50 mg', 'tablet'),
(115, 'Metformin 500 mg', 'tablet'),
(116, 'Methyl Ergometrin 0,125', 'tablet'),
(117, 'Metilprednisolon 16 mg', 'tablet'),
(118, 'Metilprednisolon 4 mg', 'tablet'),
(119, 'Metilprednisolon 8 mg', 'tablet'),
(120, 'Metochlorpramid 10 mg', 'tablet'),
(121, 'Metronidazole 500 mg', 'tablet'),
(122, 'MST Continus 10 mg', 'tablet'),
(123, 'MST Continus 15 mg', 'tablet'),
(124, 'Natrium Bicarbonat 500 mg', 'tablet'),
(125, 'Natrium Diklofenak 25 mg ', 'tablet'),
(126, 'Nifedipin 10 mg', 'tablet'),
(127, 'Paracetamol 500 mg', 'tablet'),
(128, 'Perhydrol 3%/ Hydrogen Peroksida 3% 10ml', 'tablet'),
(129, 'Prednison 5 mg', 'tablet'),
(130, 'Propanolol 10 mg', 'tablet'),
(131, 'Propilthiouracil 100 mg', 'tablet'),
(132, 'Ramipril 2,5 mg', 'tablet'),
(133, 'Ramipril 5 mg', 'tablet'),
(134, 'Ranitidin 150 mg', 'tablet'),
(135, 'Requip PD 2 mg', 'tablet'),
(136, 'Retapyl SR 300 mg', 'tablet'),
(137, 'Risperidone 2 mg', 'tablet'),
(138, 'Salbutamol 2 mg', 'tablet'),
(139, 'Simvastatin 20 mg', 'tablet'),
(140, 'Trifluoperazine 5 mg', 'tablet'),
(141, 'Triheksifenidil 2 mg', 'tablet'),
(142, 'Vitamin B kompleks', 'tablet'),
(143, 'Zinc 20 mg', 'tablet'),
(144, 'Betametason 0,1%-5 gr', 'tube'),
(145, 'Cendo Hervis EO 3,5 gr', 'tube'),
(146, 'Hidrokortison krim 2,5%', 'tube'),
(147, 'Mikonazol 2% krim', 'tube'),
(148, 'Mometason Furoad 0,1%', 'tube'),
(149, 'Benzatin Penisilin 1.200.000 iu injeksi', 'vial'),
(150, 'Streptomycin 1 gr injeksi', 'vial');

-- --------------------------------------------------------

--
-- Table structure for table `tahun`
--

CREATE TABLE `tahun` (
  `id_tahun` int(6) NOT NULL,
  `tahun` int(10) NOT NULL
) ENGINE=InnoDB DEFAULT CHARSET=latin1;

--
-- Dumping data for table `tahun`
--

INSERT INTO `tahun` (`id_tahun`, `tahun`) VALUES
(1, 2017),
(2, 2018),
(3, 2019),
(4, 2020);

--
-- Indexes for dumped tables
--

--
-- Indexes for table `detail_obat`
--
ALTER TABLE `detail_obat`
  ADD PRIMARY KEY (`id`),
  ADD KEY `id_obat` (`id_obat`),
  ADD KEY `id_tahun` (`id_tahun`);

--
-- Indexes for table `obat`
--
ALTER TABLE `obat`
  ADD PRIMARY KEY (`id_obat`),
  ADD KEY `id_obat` (`id_obat`);

--
-- Indexes for table `tahun`
--
ALTER TABLE `tahun`
  ADD PRIMARY KEY (`id_tahun`);

--
-- AUTO_INCREMENT for dumped tables
--

--
-- AUTO_INCREMENT for table `detail_obat`
--
ALTER TABLE `detail_obat`
  MODIFY `id` int(11) NOT NULL AUTO_INCREMENT, AUTO_INCREMENT=601;
--
-- AUTO_INCREMENT for table `obat`
--
ALTER TABLE `obat`
  MODIFY `id_obat` int(11) NOT NULL AUTO_INCREMENT, AUTO_INCREMENT=151;
--
-- AUTO_INCREMENT for table `tahun`
--
ALTER TABLE `tahun`
  MODIFY `id_tahun` int(6) NOT NULL AUTO_INCREMENT, AUTO_INCREMENT=5;
--
-- Constraints for dumped tables
--

--
-- Constraints for table `detail_obat`
--
ALTER TABLE `detail_obat`
  ADD CONSTRAINT `detail_obat_ibfk_1` FOREIGN KEY (`id_obat`) REFERENCES `obat` (`id_obat`) ON DELETE CASCADE ON UPDATE CASCADE,
  ADD CONSTRAINT `detail_obat_ibfk_2` FOREIGN KEY (`id_tahun`) REFERENCES `tahun` (`id_tahun`) ON DELETE CASCADE ON UPDATE CASCADE;

/*!40101 SET CHARACTER_SET_CLIENT=@OLD_CHARACTER_SET_CLIENT */;
/*!40101 SET CHARACTER_SET_RESULTS=@OLD_CHARACTER_SET_RESULTS */;
/*!40101 SET COLLATION_CONNECTION=@OLD_COLLATION_CONNECTION */;
